block_num	exp_num	worker_id	block_type	task_name	task_params	exp_status	timestamp	debug_info	reward
0	0	driver.py_0	train	A	"{""param1"": ""str1"", ""param2"": 2}"	complete	20201020T235720.363688	mock	1
0	1	driver.py_0	train	A	"{""param1"": ""str1"", ""param2"": 2}"	complete	20201020T235720.364159	mock	1
0	2	driver.py_0	train	A	"{""param1"": ""str1"", ""param2"": 2}"	complete	20201020T235720.364271	mock	1
0	3	driver.py_0	train	A	"{""param1"": ""str1"", ""param2"": 2}"	complete	20201020T235720.364364	mock	1
0	4	driver.py_0	train	A	"{""param1"": ""str1"", ""param2"": 2}"	complete	20201020T235720.364450	mock	1
0	5	driver.py_0	train	A	"{""param1"": ""str1"", ""param2"": 2}"	complete	20201020T235720.364534	mock	1
0	6	driver.py_0	train	A	"{""param1"": ""str1"", ""param2"": 2}"	complete	20201020T235720.364616	mock	1
0	7	driver.py_0	train	A	"{""param1"": ""str1"", ""param2"": 2}"	complete	20201020T235720.364698	mock	1
0	8	driver.py_0	train	A	"{""param1"": ""str1"", ""param2"": 2}"	complete	20201020T235720.364779	mock	1
0	9	driver.py_0	train	A	"{""param1"": ""str1"", ""param2"": 2}"	complete	20201020T235720.364861	mock	1
0	10	driver.py_0	train	A	"{""param1"": ""str1"", ""param2"": 2}"	complete	20201020T235720.364940	mock	1
0	11	driver.py_0	train	A	"{""param1"": ""str1"", ""param2"": 2}"	complete	20201020T235720.365000	mock	1
0	12	driver.py_0	train	A	"{""param1"": ""str1"", ""param2"": 2}"	complete	20201020T235720.365059	mock	1
0	13	driver.py_0	train	A	"{""param1"": ""str1"", ""param2"": 2}"	complete	20201020T235720.365118	mock	1
0	14	driver.py_0	train	A	"{""param1"": ""str1"", ""param2"": 2}"	complete	20201020T235720.365177	mock	1
0	15	driver.py_0	train	A	"{""param1"": ""str1"", ""param2"": 2}"	complete	20201020T235720.365235	mock	1
0	16	driver.py_0	train	A	"{""param1"": ""str1"", ""param2"": 2}"	complete	20201020T235720.365294	mock	1
0	17	driver.py_0	train	A	"{""param1"": ""str1"", ""param2"": 2}"	complete	20201020T235720.365352	mock	1
0	18	driver.py_0	train	A	"{""param1"": ""str1"", ""param2"": 2}"	complete	20201020T235720.365411	mock	1
0	19	driver.py_0	train	A	"{""param1"": ""str1"", ""param2"": 2}"	complete	20201020T235720.365469	mock	1
0	20	driver.py_0	train	A	"{""param1"": ""str1"", ""param2"": 2}"	complete	20201020T235720.365527	mock	1
0	21	driver.py_0	train	A	"{""param1"": ""str1"", ""param2"": 2}"	complete	20201020T235720.365585	mock	1
0	22	driver.py_0	train	A	"{""param1"": ""str1"", ""param2"": 2}"	complete	20201020T235720.365644	mock	1
0	23	driver.py_0	train	A	"{""param1"": ""str1"", ""param2"": 2}"	complete	20201020T235720.365702	mock	1
0	24	driver.py_0	train	A	"{""param1"": ""str1"", ""param2"": 2}"	complete	20201020T235720.365760	mock	1
0	25	driver.py_0	train	A	"{""param1"": ""str1"", ""param2"": 2}"	complete	20201020T235720.365818	mock	1
0	26	driver.py_0	train	A	"{""param1"": ""str1"", ""param2"": 2}"	complete	20201020T235720.365881	mock	1
0	27	driver.py_0	train	A	"{""param1"": ""str1"", ""param2"": 2}"	complete	20201020T235720.365940	mock	1
0	28	driver.py_0	train	A	"{""param1"": ""str1"", ""param2"": 2}"	complete	20201020T235720.365998	mock	1
0	29	driver.py_0	train	A	"{""param1"": ""str1"", ""param2"": 2}"	complete	20201020T235720.366058	mock	1
0	30	driver.py_0	train	A	"{""param1"": ""str1"", ""param2"": 2}"	complete	20201020T235720.366141	mock	1
0	31	driver.py_0	train	A	"{""param1"": ""str1"", ""param2"": 2}"	complete	20201020T235720.366188	mock	1
0	32	driver.py_0	train	A	"{""param1"": ""str1"", ""param2"": 2}"	complete	20201020T235720.366236	mock	1
0	33	driver.py_0	train	A	"{""param1"": ""str1"", ""param2"": 2}"	complete	20201020T235720.366283	mock	1
0	34	driver.py_0	train	A	"{""param1"": ""str1"", ""param2"": 2}"	complete	20201020T235720.366330	mock	1
0	35	driver.py_0	train	A	"{""param1"": ""str1"", ""param2"": 2}"	complete	20201020T235720.366378	mock	1
0	36	driver.py_0	train	A	"{""param1"": ""str1"", ""param2"": 2}"	complete	20201020T235720.366425	mock	1
0	37	driver.py_0	train	A	"{""param1"": ""str1"", ""param2"": 2}"	complete	20201020T235720.366473	mock	1
0	38	driver.py_0	train	A	"{""param1"": ""str1"", ""param2"": 2}"	complete	20201020T235720.366520	mock	1
0	39	driver.py_0	train	A	"{""param1"": ""str1"", ""param2"": 2}"	complete	20201020T235720.366576	mock	1
0	40	driver.py_0	train	A	"{""param1"": ""str1"", ""param2"": 2}"	complete	20201020T235720.366623	mock	1
0	41	driver.py_0	train	A	"{""param1"": ""str1"", ""param2"": 2}"	complete	20201020T235720.366693	mock	1
0	42	driver.py_0	train	A	"{""param1"": ""str1"", ""param2"": 2}"	complete	20201020T235720.366748	mock	1
0	43	driver.py_0	train	A	"{""param1"": ""str1"", ""param2"": 2}"	complete	20201020T235720.366803	mock	1
0	44	driver.py_0	train	A	"{""param1"": ""str1"", ""param2"": 2}"	complete	20201020T235720.366859	mock	1
0	45	driver.py_0	train	A	"{""param1"": ""str1"", ""param2"": 2}"	complete	20201020T235720.366915	mock	1
0	46	driver.py_0	train	A	"{""param1"": ""str1"", ""param2"": 2}"	complete	20201020T235720.366971	mock	1
0	47	driver.py_0	train	A	"{""param1"": ""str1"", ""param2"": 2}"	complete	20201020T235720.367026	mock	1
0	48	driver.py_0	train	A	"{""param1"": ""str1"", ""param2"": 2}"	complete	20201020T235720.367081	mock	1
0	49	driver.py_0	train	A	"{""param1"": ""str1"", ""param2"": 2}"	complete	20201020T235720.367137	mock	1
0	50	driver.py_0	train	A	"{""param1"": ""str1"", ""param2"": 2}"	complete	20201020T235720.367193	mock	1
0	51	driver.py_0	train	A	"{""param1"": ""str1"", ""param2"": 2}"	complete	20201020T235720.367249	mock	1
0	52	driver.py_0	train	A	"{""param1"": ""str1"", ""param2"": 2}"	complete	20201020T235720.367306	mock	1
0	53	driver.py_0	train	A	"{""param1"": ""str1"", ""param2"": 2}"	complete	20201020T235720.367362	mock	1
0	54	driver.py_0	train	A	"{""param1"": ""str1"", ""param2"": 2}"	complete	20201020T235720.367419	mock	1
0	55	driver.py_0	train	A	"{""param1"": ""str1"", ""param2"": 2}"	complete	20201020T235720.367476	mock	1
0	56	driver.py_0	train	A	"{""param1"": ""str1"", ""param2"": 2}"	complete	20201020T235720.367533	mock	1
0	57	driver.py_0	train	A	"{""param1"": ""str1"", ""param2"": 2}"	complete	20201020T235720.367588	mock	1
0	58	driver.py_0	train	A	"{""param1"": ""str1"", ""param2"": 2}"	complete	20201020T235720.367643	mock	1
0	59	driver.py_0	train	A	"{""param1"": ""str1"", ""param2"": 2}"	complete	20201020T235720.367699	mock	1
0	60	driver.py_0	train	A	"{""param1"": ""str1"", ""param2"": 2}"	complete	20201020T235720.367754	mock	1
0	61	driver.py_0	train	A	"{""param1"": ""str1"", ""param2"": 2}"	complete	20201020T235720.367809	mock	1
0	62	driver.py_0	train	A	"{""param1"": ""str1"", ""param2"": 2}"	complete	20201020T235720.367867	mock	1
0	63	driver.py_0	train	A	"{""param1"": ""str1"", ""param2"": 2}"	complete	20201020T235720.367925	mock	1
0	64	driver.py_0	train	A	"{""param1"": ""str1"", ""param2"": 2}"	complete	20201020T235720.367981	mock	1
0	65	driver.py_0	train	A	"{""param1"": ""str1"", ""param2"": 2}"	complete	20201020T235720.368038	mock	1
0	66	driver.py_0	train	A	"{""param1"": ""str1"", ""param2"": 2}"	complete	20201020T235720.368097	mock	1
0	67	driver.py_0	train	A	"{""param1"": ""str1"", ""param2"": 2}"	complete	20201020T235720.368156	mock	1
0	68	driver.py_0	train	A	"{""param1"": ""str1"", ""param2"": 2}"	complete	20201020T235720.368214	mock	1
0	69	driver.py_0	train	A	"{""param1"": ""str1"", ""param2"": 2}"	complete	20201020T235720.368270	mock	1
0	70	driver.py_0	train	A	"{""param1"": ""str1"", ""param2"": 2}"	complete	20201020T235720.368325	mock	1
0	71	driver.py_0	train	A	"{""param1"": ""str1"", ""param2"": 2}"	complete	20201020T235720.368380	mock	1
0	72	driver.py_0	train	A	"{""param1"": ""str1"", ""param2"": 2}"	complete	20201020T235720.368435	mock	1
0	73	driver.py_0	train	A	"{""param1"": ""str1"", ""param2"": 2}"	complete	20201020T235720.368491	mock	1
0	74	driver.py_0	train	A	"{""param1"": ""str1"", ""param2"": 2}"	complete	20201020T235720.368545	mock	1
0	75	driver.py_0	train	A	"{""param1"": ""str1"", ""param2"": 2}"	complete	20201020T235720.368601	mock	1
0	76	driver.py_0	train	A	"{""param1"": ""str1"", ""param2"": 2}"	complete	20201020T235720.368656	mock	1
0	77	driver.py_0	train	A	"{""param1"": ""str1"", ""param2"": 2}"	complete	20201020T235720.368711	mock	1
0	78	driver.py_0	train	A	"{""param1"": ""str1"", ""param2"": 2}"	complete	20201020T235720.368777	mock	1
0	79	driver.py_0	train	A	"{""param1"": ""str1"", ""param2"": 2}"	complete	20201020T235720.368833	mock	1
0	80	driver.py_0	train	A	"{""param1"": ""str1"", ""param2"": 2}"	complete	20201020T235720.368889	mock	1
0	81	driver.py_0	train	A	"{""param1"": ""str1"", ""param2"": 2}"	complete	20201020T235720.368944	mock	1
0	82	driver.py_0	train	A	"{""param1"": ""str1"", ""param2"": 2}"	complete	20201020T235720.368999	mock	1
0	83	driver.py_0	train	A	"{""param1"": ""str1"", ""param2"": 2}"	complete	20201020T235720.369054	mock	1
0	84	driver.py_0	train	A	"{""param1"": ""str1"", ""param2"": 2}"	complete	20201020T235720.369110	mock	1
0	85	driver.py_0	train	A	"{""param1"": ""str1"", ""param2"": 2}"	complete	20201020T235720.369179	mock	1
0	86	driver.py_0	train	A	"{""param1"": ""str1"", ""param2"": 2}"	complete	20201020T235720.369237	mock	1
0	87	driver.py_0	train	A	"{""param1"": ""str1"", ""param2"": 2}"	complete	20201020T235720.369293	mock	1
0	88	driver.py_0	train	A	"{""param1"": ""str1"", ""param2"": 2}"	complete	20201020T235720.369348	mock	1
0	89	driver.py_0	train	A	"{""param1"": ""str1"", ""param2"": 2}"	complete	20201020T235720.369403	mock	1
0	90	driver.py_0	train	A	"{""param1"": ""str1"", ""param2"": 2}"	complete	20201020T235720.369460	mock	1
0	91	driver.py_0	train	A	"{""param1"": ""str1"", ""param2"": 2}"	complete	20201020T235720.369515	mock	1
0	92	driver.py_0	train	A	"{""param1"": ""str1"", ""param2"": 2}"	complete	20201020T235720.369570	mock	1
0	93	driver.py_0	train	A	"{""param1"": ""str1"", ""param2"": 2}"	complete	20201020T235720.369626	mock	1
0	94	driver.py_0	train	A	"{""param1"": ""str1"", ""param2"": 2}"	complete	20201020T235720.369681	mock	1
0	95	driver.py_0	train	A	"{""param1"": ""str1"", ""param2"": 2}"	complete	20201020T235720.369737	mock	1
0	96	driver.py_0	train	A	"{""param1"": ""str1"", ""param2"": 2}"	complete	20201020T235720.369792	mock	1
0	97	driver.py_0	train	A	"{""param1"": ""str1"", ""param2"": 2}"	complete	20201020T235720.369848	mock	1
0	98	driver.py_0	train	A	"{""param1"": ""str1"", ""param2"": 2}"	complete	20201020T235720.369903	mock	1
0	99	driver.py_0	train	A	"{""param1"": ""str1"", ""param2"": 2}"	complete	20201020T235720.369959	mock	1
